area_en,project_name_en,project_name_ar,area_ar,area_id,nearest_landmark_en,nearest_landmark_ar,nearest_metro_en,nearest_metro_ar,nearest_mall_en,nearest_mall_ar,master_project_en,master_project_ar,latitude,longitude
AL Athbah,,,العذبة,0,,,,,,,,,,
AL BARARI,SEVENTH HEAVEN,سفنث هفن,البراري,0,IMG World Adventures,آي إم جي وورلد أدفينتشرز,Noor Bank Metro Station,محطة مترو نور بنك,,,,,,
AL FURJAN,EQUITI ARCADE,ايكويتي اركيد,الفرجان,0,Expo 2020 Site,موقع إكسبو 2020,Ibn Battuta Metro Station,محطة مترو ابن بطوطة,Ibn-e-Battuta Mall,ابن بطوطة مول,Jebel Ali Village Townhouses- Phase 1,قرية جبل علي تاون هاوسز- المرحلة 1,,
AL KHAIL HEIGHTS,AL KHAIL HEIGHTS,الخيل هايتس,الخيل هايتس,0,Downtown Dubai,وسط مدينة دبي,Noor Bank Metro Station,محطة مترو نور بنك,Dubai Mall,مول دبي,,,,
AL WAHA,SIENNA  LAKES,سينا ليكس,الواحة,0,Dubai Cycling Course,دورة دبي للدراجات,,,,,,,,
ARABIAN RANCHES I,ASEEL,أصيل,المرابع العربية I,0,Global Village,قرية عالمية,Sharaf Dg Metro Station,محطة مترو شرف دي جي,Mall of the Emirates,مول الإمارات,,,,
ARABIAN RANCHES II,ARABIAN RANCHES - RASHA COMMUNITY,المرابع العربية - رشا كومينتى,المرابع العربية II,0,Motor City,موتور سيتي,,,,,,,,
ARABIAN RANCHES III,Arabian Ranches lll - Ruba, المرابع العربية ااا- ربى,المرابع العربية III,0,Hamdan Sports Complex,مجمع حمدان الرياضي,,,,,,,,
ARABIAN RANCHES POLO CLUB,POLO HOMES,منازل بولو,المرابع العربية - بولو كلوب,0,Motor City,موتور سيتي,,,,,,,,
ARJAN,Adhara Star, أدهارا ستار,ارجان,0,Motor City,موتور سيتي,Sharaf Dg Metro Station,محطة مترو شرف دي جي,Mall of the Emirates,مول الإمارات,Remraam - Al Ramth,رمرام - الرمث,,
Abu Hail,,,ابو هيل,0,Dubai International Airport,مطار دبي الدولي,Abu Baker Al Siddique Metro Station,محطة مترو أبو بكر الصديق,,,,,,
Al Aweer First,,,العوير الأولى,0,,,,,,,,,,
Al Aweer Second,,,العوير الثانية,0,,,,,,,,,,
Al Bada,,,البدع,0,Burj Khalifa,برج خليفة,Trade Centre Metro Station,محطة مترو المركز التجاري,Dubai Mall,مول دبي,,,,
Al Baraha,,,البراحه,0,Dubai International Airport,مطار دبي الدولي,Salah Al Din Metro Station,محطة مترو صلاح الدين,Dubai Mall,مول دبي,,,,
Al Barsha First,,,البرشاء الاولى,0,Burj Al Arab,برج العرب,First Abu Dhabi Bank Metro Station,محطة مترو بنك أبوظبي الأول,Mall of the Emirates,مول الإمارات,,,,
Al Barsha Second,,,البرشاء الثانيه,0,Burj Al Arab,برج العرب,Sharaf Dg Metro Station,محطة مترو شرف دي جي,Mall of the Emirates,مول الإمارات,,,,
Al Barsha Third,,,البرشاء الثالثه,0,Burj Al Arab,برج العرب,Dubai Internet City,مدينة دبي للإنترنت,Mall of the Emirates,مول الإمارات,,,,
Al Barshaa South First,,,البرشاء جنوب الاولى,0,Motor City,موتور سيتي,First Abu Dhabi Bank Metro Station,محطة مترو بنك أبوظبي الأول,Mall of the Emirates,مول الإمارات,,,,
Al Barshaa South Second,,,البرشاء جنوب الثانية,0,Motor City,موتور سيتي,Sharaf Dg Metro Station,محطة مترو شرف دي جي,Mall of the Emirates,مول الإمارات,,,,
Al Barshaa South Third,ORION BUILDING,بناية اوريون,البرشاء جنوب الثالثة,0,Motor City,موتور سيتي,Sharaf Dg Metro Station,محطة مترو شرف دي جي,Mall of the Emirates,مول الإمارات,,,,
Al Buteen,,,البطين,0,Dubai International Airport,مطار دبي الدولي,Al Ras Metro Station,محطة مترو الراس,Dubai Mall,مول دبي,,,,
Al Dhagaya,,,الضغايه,0,Dubai International Airport,مطار دبي الدولي,Palm Deira Metro Stations,محطات مترو نخلة ديرة,Dubai Mall,مول دبي,,,,
Al Eyas,,,العياص,0,,,,,,,,,,
Al Garhoud,,,القرهود,0,Dubai International Airport,مطار دبي الدولي,Airport Terminal 1 Metro Station,محطة مترو مبنى المطار رقم 1,City Centre Mirdif,سيتي سنتر مردف,,,,
Al Goze First,,,القوز الاولى,0,Downtown Dubai,وسط مدينة دبي,Noor Bank Metro Station,محطة مترو نور بنك,Dubai Mall,مول دبي,,,,
Al Goze Fourth,,,القوز الرابعه,0,Downtown Dubai,وسط مدينة دبي,Noor Bank Metro Station,محطة مترو نور بنك,Dubai Mall,مول دبي,,,,
Al Goze Industrial First,,,القوز الصناعيه الاولى,0,Burj Al Arab,برج العرب,First Abu Dhabi Bank Metro Station,محطة مترو بنك أبوظبي الأول,Mall of the Emirates,مول الإمارات,,,,
Al Goze Industrial Fourth,,,القوز الصناعيه الرابعه,0,Burj Al Arab,برج العرب,First Abu Dhabi Bank Metro Station,محطة مترو بنك أبوظبي الأول,Mall of the Emirates,مول الإمارات,,,,
Al Goze Industrial Second,,,القوز الصناعيه الثانيه,0,Burj Al Arab,برج العرب,First Abu Dhabi Bank Metro Station,محطة مترو بنك أبوظبي الأول,Mall of the Emirates,مول الإمارات,,,,
Al Goze Industrial Third,,,القوز الصناعيه الثالثه,0,Burj Al Arab,برج العرب,First Abu Dhabi Bank Metro Station,محطة مترو بنك أبوظبي الأول,Mall of the Emirates,مول الإمارات,,,,
Al Goze Third,,,القوز الثالثه,0,Downtown Dubai,وسط مدينة دبي,Noor Bank Metro Station,محطة مترو نور بنك,Dubai Mall,مول دبي,,,,
Al Hamriya,,,الحمريه,0,Dubai International Airport,مطار دبي الدولي,Al Fahidi Metro Station,محطة مترو الفهيدي,Dubai Mall,مول دبي,,,,
Al Hebiah Fifth,DAMAC LAGOONS - MALTA (1),داماك لاجونز - مالتا (1),الحبيه الخامسة,0,,,,,,,,,,
Al Hebiah Fourth,Alicante villas,فلل اليكانتي,الحبيه الرابعة,0,,,,,,,,,,
Al Hebiah Second,,,الحبيه الثانية,0,,,,,,,,,,
Al Hebiah Sixth,Mudon Al Ranim 8,مدن الرنيم 8,الحبيه السادسة,0,,,,,,,,,,
Al Hebiah Third,DAMAC HILLS-BEL AIR,داماك هيلز-بلير,الحبية الثالثة,0,,,,,,,,,,
Al Hudaiba,,,الحضيبه,0,Burj Khalifa,برج خليفة,Trade Centre Metro Station,محطة مترو المركز التجاري,Dubai Mall,مول دبي,,,,
Al Jadaf,Keturah Resort,منتجع كتوراه,الجداف,0,,,,,,,,,,
Al Jafliya,,,الجافليه,0,Burj Khalifa,برج خليفة,Al Jafiliya Metro Station,محطة مترو الجافلية,Dubai Mall,مول دبي,,,,
Al Karama,,,الكرامه,0,Dubai International Airport,مطار دبي الدولي,Burjuman Metro Station,محطة مترو برجمان,Dubai Mall,مول دبي,,,,
Al Khabeesi,,,الخبيصى,0,Dubai International Airport,مطار دبي الدولي,Deira City Centre,ديرة سيتي سنتر,Dubai Mall,مول دبي,,,,
Al Khairan First,Oria,اوريا,الخيران الأولى,0,Dubai International Airport,مطار دبي الدولي,Creek Metro Station,محطة مترو الخور,City Centre Mirdif,سيتي سنتر مردف,,,,
Al Khawaneej First,,,الخوانيج الأولى,0,,,Etisalat Metro Station,محطة مترو اتصالات,City Centre Mirdif,سيتي سنتر مردف,,,,
Al Khawaneej Second,,,الخوانيج الثانية,0,,,,,City Centre Mirdif,سيتي سنتر مردف,,,,
Al Kheeran,,,الخيران,0,Dubai International Airport,مطار دبي الدولي,Emirates Metro Station,محطة مترو الامارات,City Centre Mirdif,سيتي سنتر مردف,,,,
Al Kifaf,Park Views Residences B, B بارك فيوز ريزيدنسيز ,الكفاف,0,Burj Khalifa,برج خليفة,Al Jafiliya Metro Station,محطة مترو الجافلية,Dubai Mall,مول دبي,,,,
Al Lusaily,,,اللسيلى,0,,,,,,,,,,
Al Mamzer,,,الممزر,0,Dubai International Airport,مطار دبي الدولي,STADIUM Metro Station,محطة مترو الاستاد,City Centre Mirdif,سيتي سنتر مردف,,,,
Al Manara,,,المناره,0,Burj Al Arab,برج العرب,Noor Bank Metro Station,محطة مترو نور بنك,Mall of the Emirates,مول الإمارات,,,,
Al Mararr,,,المرر,0,Dubai International Airport,مطار دبي الدولي,Palm Deira Metro Stations,محطات مترو نخلة ديرة,Dubai Mall,مول دبي,,,,
Al Merkadh,Sobha Creek Vistas Heights,شوبا كريك فيستا هايتس,المركاض,0,,,,,,,,,,
Al Mizhar First,,,المزهر الاولى,0,Dubai International Airport,مطار دبي الدولي,Etisalat Metro Station,محطة مترو اتصالات,City Centre Mirdif,سيتي سنتر مردف,,,,
Al Mizhar Second,,,المزهر الثانيه,0,Dubai International Airport,مطار دبي الدولي,Etisalat Metro Station,محطة مترو اتصالات,City Centre Mirdif,سيتي سنتر مردف,,,,
Al Mizhar Third,,,المزهر الثالثة,0,Dubai International Airport,مطار دبي الدولي,Etisalat Metro Station,محطة مترو اتصالات,City Centre Mirdif,سيتي سنتر مردف,,,,
Al Murqabat,,,المرقبات,0,Dubai International Airport,مطار دبي الدولي,Salah Al Din Metro Station,محطة مترو صلاح الدين,Dubai Mall,مول دبي,,,,
Al Muteena,,,المطينه,0,Dubai International Airport,مطار دبي الدولي,Salah Al Din Metro Station,محطة مترو صلاح الدين,Dubai Mall,مول دبي,,,,
Al Nahda First,,,النهده الاولى,0,Dubai International Airport,مطار دبي الدولي,STADIUM Metro Station,محطة مترو الاستاد,City Centre Mirdif,سيتي سنتر مردف,,,,
Al Nahda Second,,,النهده الثانيه,0,Dubai International Airport,مطار دبي الدولي,Al Nahda Metro Station,محطة مترو النهضة,City Centre Mirdif,سيتي سنتر مردف,,,,
Al Qusais First,,,القصيص الاولى,0,Dubai International Airport,مطار دبي الدولي,Airport Free Zone,المنطقة الحرة بالمطار,City Centre Mirdif,سيتي سنتر مردف,,,,
Al Qusais Industrial Fifth,,,القصيص الصناعيه الخامسه,0,Dubai International Airport,مطار دبي الدولي,Al Qusais Metro Station,محطة مترو القصيص,City Centre Mirdif,سيتي سنتر مردف,,,,
Al Qusais Industrial First,,,القصيص الصناعيه الاولى,0,Dubai International Airport,مطار دبي الدولي,Airport Free Zone,المنطقة الحرة بالمطار,City Centre Mirdif,سيتي سنتر مردف,,,,
Al Qusais Industrial Fourth,RASHA 2,رشا 2,القصيص الصناعيه الرابعه,0,Dubai International Airport,مطار دبي الدولي,Airport Free Zone,المنطقة الحرة بالمطار,City Centre Mirdif,سيتي سنتر مردف,,,,
Al Qusais Industrial Second,,,القصيص الصناعيه الثانيه,0,Dubai International Airport,مطار دبي الدولي,Airport Free Zone,المنطقة الحرة بالمطار,City Centre Mirdif,سيتي سنتر مردف,,,,
Al Qusais Industrial Third,,,القصيص الصناعيه الثالثه,0,Dubai International Airport,مطار دبي الدولي,Al Nahda Metro Station,محطة مترو النهضة,City Centre Mirdif,سيتي سنتر مردف,,,,
Al Qusais Second,,,القصيص الثانيه,0,Dubai International Airport,مطار دبي الدولي,Al Qusais Metro Station,محطة مترو القصيص,City Centre Mirdif,سيتي سنتر مردف,,,,
Al Raffa,,,الرفاعه,0,Burj Khalifa,برج خليفة,Al Ghubaiba Metro Station,محطة مترو الغبيبة,Dubai Mall,مول دبي,,,,
Al Ras,,,الراس,0,Dubai International Airport,مطار دبي الدولي,Al Ras Metro Station,محطة مترو الراس,Dubai Mall,مول دبي,,,,
Al Rashidiya,,,الراشديه,0,Dubai International Airport,مطار دبي الدولي,Rashidiya Metro Station,محطة مترو الراشدية,City Centre Mirdif,سيتي سنتر مردف,,,,
Al Rega,,,الرقه,0,Dubai International Airport,مطار دبي الدولي,Union Metro Station,محطة مترو الاتحاد,Dubai Mall,مول دبي,,,,
Al Rowaiyah Third,,,الرويه الثالثه,0,IMG World Adventures,آي إم جي وورلد أدفينتشرز,,,,,,,,
Al Sabkha,,,السبخه,0,Dubai International Airport,مطار دبي الدولي,Baniyas Square Metro Station,محطة مترو ميدان بني ياس,Dubai Mall,مول دبي,,,,
Al Saffa First,,,الصفا الاولى,0,Burj Khalifa,برج خليفة,Noor Bank Metro Station,محطة مترو نور بنك,Dubai Mall,مول دبي,,,,
Al Saffa Second,,,الصفا الثانيه,0,Burj Al Arab,برج العرب,Noor Bank Metro Station,محطة مترو نور بنك,Mall of the Emirates,مول الإمارات,,,,
Al Safouh First,,,الصفوح الاولى,0,Burj Al Arab,برج العرب,Sharaf Dg Metro Station,محطة مترو شرف دي جي,Mall of the Emirates,مول الإمارات,,,,
Al Satwa,Hyde Walk Residence by Imtiaz ,هايد ووك ريزيدنس من امتياز,السطوه,0,Burj Khalifa,برج خليفة,Trade Centre Metro Station,محطة مترو المركز التجاري,Dubai Mall,مول دبي,,,,
Al Suq Al Kabeer,,,السوق الكبير,0,Dubai International Airport,مطار دبي الدولي,Al Ras Metro Station,محطة مترو الراس,Dubai Mall,مول دبي,,,,
Al Thanyah Fifth,MERCER HOUSE,ميرسر هاوس,الثنيه الخامسة,0,,,,,,,,,,
Al Thanyah Third,The Lakes Ghadeer,البحيرات ? غدير,الثنيه الثالثة,0,Burj Al Arab,برج العرب,Nakheel Metro Station,محطة مترو النخيل,Marina Mall,مارينا مول,,,,
Al Ttay,,,الطي,0,,,,,,,,,,
Al Twar First,,,الطوار الاولى,0,Dubai International Airport,مطار دبي الدولي,Al Nahda Metro Station,محطة مترو النهضة,City Centre Mirdif,سيتي سنتر مردف,,,,
Al Twar Fourth,,,الطوار الرابعة,0,Dubai International Airport,مطار دبي الدولي,Etisalat Metro Station,محطة مترو اتصالات,City Centre Mirdif,سيتي سنتر مردف,,,,
Al Twar Second,,,الطوار الثانيه,0,Dubai International Airport,مطار دبي الدولي,Airport Free Zone,المنطقة الحرة بالمطار,City Centre Mirdif,سيتي سنتر مردف,,,,
Al Twar Third,,,الطوار الثالثه,0,Dubai International Airport,مطار دبي الدولي,Al Qusais Metro Station,محطة مترو القصيص,City Centre Mirdif,سيتي سنتر مردف,,,,
Al Waheda,,,الوحيده,0,Dubai International Airport,مطار دبي الدولي,Abu Hail Metro Station,محطة مترو أبو هيل,,,,,,
Al Warqa First,,,الورقاء الاولى,0,Dubai International Airport,مطار دبي الدولي,Rashidiya Metro Station,محطة مترو الراشدية,City Centre Mirdif,سيتي سنتر مردف,,,,
Al Warqa Fourth,,,الورقاء الرابعه,0,Dubai International Airport,مطار دبي الدولي,Rashidiya Metro Station,محطة مترو الراشدية,City Centre Mirdif,سيتي سنتر مردف,,,,
Al Warqa Second,,,الورقاء الثانيه,0,Dubai International Airport,مطار دبي الدولي,Rashidiya Metro Station,محطة مترو الراشدية,City Centre Mirdif,سيتي سنتر مردف,,,,
Al Warqa Third,,,الورقاء الثالثه,0,Dubai International Airport,مطار دبي الدولي,Rashidiya Metro Station,محطة مترو الراشدية,City Centre Mirdif,سيتي سنتر مردف,,,,
Al Warsan First,,,ورسان الاولى,0,,,,,,,,,,
Al Warsan Second,,,ورسان الثانيه,0,,,Rashidiya Metro Station,محطة مترو الراشدية,City Centre Mirdif,سيتي سنتر مردف,,,,
Al Warsan Third,,,ورسان الثالثه,0,,,,,,,,,,
Al Wasl,Central Park Plaza,سنترال بارك بلازا ,الوصل,0,Burj Khalifa,برج خليفة,Business Bay Metro Station,محطة مترو الخليج التجاري,Dubai Mall,مول دبي,,,,
Al Yelayiss 1,,,اليلايس 1,0,Dubai Cycling Course,دورة دبي للدراجات,,,,,,,,
Al Yelayiss 2,THE MAYFAIR ,ذا ميفير ,اليلايس 2,0,,,,,,,,,,
Al Yelayiss 5,,,اليلايس 5,0,,,,,,,,,,
Al Yufrah 1,The Valley - Alana,ذا فالي - ألانا,اليفره 1,0,,,,,,,,,,
BARSHA HEIGHTS,I - RISE TOWER,رايز تاور - I,البرشاء هايتس,0,Burj Al Arab,برج العرب,Dubai Internet City,مدينة دبي للإنترنت,Mall of the Emirates,مول الإمارات,,,,
BLUEWATERS,Bluewaters Residences ,بلو واترز ريزيدنسز ,بلوز واترز,0,Burj Al Arab,برج العرب,Jumeirah Beach Residency,مساكن شاطئ جميرا,Marina Mall,مارينا مول,,,,
BURJ KHALIFA,Imperial  Avenue,امبيريال افنيو,برج خليفة,0,Downtown Dubai,وسط مدينة دبي,Business Bay Metro Station,محطة مترو الخليج التجاري,Dubai Mall,مول دبي,,,,
BUSINESS BAY,Ahad Residences,أحد ريزيدانسز,الخليج التجاري,0,Downtown Dubai,وسط مدينة دبي,Business Bay Metro Station,محطة مترو الخليج التجاري,Dubai Mall,مول دبي,,,,
Bukadra,Sobha Estates,شوبا استيتس ,بوكدرة,0,,,,,,,,,,
Business Bay,Trillionaire Residences by Binghatti,ترليونير ريزيدنسز من بن غاطي,الخليج التجارى,0,,,,,,,,,,
CHERRYWOODS,Cherrywoods,تشيري وودز,شيري ودووز,0,Dubai Cycling Course,دورة دبي للدراجات,,,,,,,,
CITY OF ARABIA,WADI TOWER,برج الوادي,ستي اوف اربيا,0,IMG World Adventures,آي إم جي وورلد أدفينتشرز,,,,,,,,
CITY WALK,Central Park at City Walk -Building 1,سنترال بارك في سيتي ووك - مبنى 1,ستي ووك,0,Burj Khalifa,برج خليفة,Buj Khalifa Dubai Mall Metro Station,محطة مترو بوج خليفة دبي مول,Dubai Mall,مول دبي,,,,
DAMAC HILLS,DAMAC HILLS - GOLF GATE 2,داماك هيلز - جولف جايت 2,داماك هيلز,0,Motor City,موتور سيتي,,,,,,,,
DISCOVERY GARDENS,,,الحدائق المكتشفة,0,Sports City Swimming Academy,أكاديمية المدينة الرياضية للسباحة,Harbour Tower,برج هاربور,Ibn-e-Battuta Mall,ابن بطوطة مول,,,,
DMCC-EZ2,J&G PLEXS,ج أند جي بليكس,مركز دبي للسلع المتعددة 2,0,Sports City Swimming Academy,أكاديمية المدينة الرياضية للسباحة,Harbour Tower,برج هاربور,Marina Mall,مارينا مول,,,,
DOWN TOWN JABAL ALI,Alexis Tower,برج أليكسيس,دون تاون جبل علي,0,Expo 2020 Site,موقع إكسبو 2020,UAE Exchange Metro Station,محطة مترو الإمارات العربية المتحدة للصرافة,Ibn-e-Battuta Mall,ابن بطوطة مول,,,,
DUBAI CREEK HARBOUR,Creek Beach - Savanna-Cedar-Mangrove,شاطئ الخور - سافانا-سيدار-مانجروف,دبي كريك هاربور,0,Dubai International Airport,مطار دبي الدولي,Creek Metro Station,محطة مترو الخور,City Centre Mirdif,سيتي سنتر مردف,,,,
DUBAI DESIGN DISTRICT,DESIGN QUARTER,ديزاين كوارتر,حي دبي للتصميم,0,Downtown Dubai,وسط مدينة دبي,Buj Khalifa Dubai Mall Metro Station,محطة مترو بوج خليفة دبي مول,Dubai Mall,مول دبي,,,,
DUBAI GOLF CITY,Paradise Hills,Paradise Hills,مدينة دبي للغولف,0,Sports City Swimming Academy,أكاديمية المدينة الرياضية للسباحة,,,,,,,,
DUBAI HARBOUR,Grand Bleu Tower interiors by Elie Saab,جراند بلو تاور، التصميم الداخلي لايلي صعب,دبي هاربور,0,,,,,,,,,,
DUBAI HEALTHCARE CITY - PHASE 1,,,مدينة دبي الطبية - المرحلة الاولى,0,Dubai International Airport,مطار دبي الدولي,Healthcare City Metro Station,محطة مترو مدينة الرعاية الصحية,Dubai Mall,مول دبي,,,,
DUBAI HEALTHCARE CITY - PHASE 2,AL WALEED GARDEN 2,الوليد جاردن 2,مدينة دبي الطبية - المرحلة الثانية,0,Downtown Dubai,وسط مدينة دبي,Al Jadaf Metro Station,محطة مترو الجداف,Dubai Mall,مول دبي,,,,
DUBAI HILLS,Park Field,بارك فيلد,دبي هيليز,0,Motor City,موتور سيتي,First Abu Dhabi Bank Metro Station,محطة مترو بنك أبوظبي الأول,Mall of the Emirates,مول الإمارات,Hills Park,هيلز بارك,,
DUBAI INDUSTRIAL CITY,Al Haseen Residence,الحسين رسيدانس,مدينة دبي الصناعية,0,Dubai Parks and Resorts,دبي باركس اند ريزورتس,UAE Exchange Metro Station,محطة مترو الإمارات العربية المتحدة للصرافة,,,,,,
DUBAI INTERNATIONAL ACADEMIC CITY,,,مدينة دبي الاكاديمية الدولية,0,,,,,City Centre Mirdif,سيتي سنتر مردف,,,,
DUBAI INVESTMENT PARK FIRST,SCHON BUSINESS PARK,شون بيزنس بارك,مجمع دبي للاستثمار الاول,0,Expo 2020 Site,موقع إكسبو 2020,DANUBE Metro Station,محطة مترو الدانوب,Ibn-e-Battuta Mall,ابن بطوطة مول,,,,
DUBAI INVESTMENT PARK SECOND,RITAJ,ريتاج,مجمع دبي للاستثمار الثاني,0,Expo 2020 Site,موقع إكسبو 2020,DANUBE Metro Station,محطة مترو الدانوب,Ibn-e-Battuta Mall,ابن بطوطة مول,,,,
DUBAI LAND RESIDENCE COMPLEX,Samana IVY Gardens ,سمانا إيفي جارد نز,دبي لاند ريزيدنيس كموبلكس,0,IMG World Adventures,آي إم جي وورلد أدفينتشرز,,,,,,,,
DUBAI LIFESTYLE CITY,,,دبي لايف ستايل,0,Hamdan Sports Complex,مجمع حمدان الرياضي,,,,,,,,
DUBAI MARINA,Ciel,سيل,دبي مارينا,0,Burj Al Arab,برج العرب,Mina Seyahi,مينا السياحي,Marina Mall,مارينا مول,,,,
DUBAI MARITIME CITY,Oceanz 1 By Danube ,أوشنز 1 من دانوب ,مدينة دبي الملاحية,0,Burj Khalifa,برج خليفة,Al Ghubaiba Metro Station,محطة مترو الغبيبة,Dubai Mall,مول دبي,,,,
DUBAI PRODUCTION CITY,Samana Portofino,سمانا بورتوفينو,مدينة دبي للانتاج,0,Sports City Swimming Academy,أكاديمية المدينة الرياضية للسباحة,Damac Properties,عقارات داماك,Marina Mall,مارينا مول,,,,
DUBAI SCIENCE PARK,Opalz By Danube,أوبالز من دانوب,مجمع دبي للعلوم التقنية,0,Motor City,موتور سيتي,First Abu Dhabi Bank Metro Station,محطة مترو بنك أبوظبي الأول,Mall of the Emirates,مول الإمارات,,,,
DUBAI SOUTH,CELESTIA,سيليستيا,دبي للجنوب,0,Expo 2020 Site,موقع إكسبو 2020,UAE Exchange Metro Station,محطة مترو الإمارات العربية المتحدة للصرافة,,,,,,
DUBAI SPORTS CITY,AMAL TOWER,برج امل,مدينة دبي الرياضية,0,Sports City Swimming Academy,أكاديمية المدينة الرياضية للسباحة,Nakheel Metro Station,محطة مترو النخيل,Marina Mall,مارينا مول,,,,
DUBAI STUDIO CITY,LAYA HEIGHTS,LAYA HEIGHTS,مدينة دبي للاستديو,0,Motor City,موتور سيتي,Sharaf Dg Metro Station,محطة مترو شرف دي جي,Mall of the Emirates,مول الإمارات,,,,
DUBAI WATER CANAL,CASA CANAL,كازا قنال,دبي واتر كنال,0,Burj Khalifa,برج خليفة,Business Bay Metro Station,محطة مترو الخليج التجاري,Dubai Mall,مول دبي,,,,
DUBAI WATER FRONT,BADRA PHASE 1,بدرة المرحلة الأولى,دبي واتر فرونت,0,Dubai Parks and Resorts,دبي باركس اند ريزورتس,UAE Exchange Metro Station,محطة مترو الإمارات العربية المتحدة للصرافة,,,,,,
Dubai International Airport,,,مطار دبي الدولي,0,Dubai International Airport,مطار دبي الدولي,GGICO Metro Station,محطة مترو جي جي كو,City Centre Mirdif,سيتي سنتر مردف,,,,
Dubai Investment Park First,Verdana 2,فيردانا 2,مجمع دبي للاستثمار الاول,0,,,,,,,,,,
Dubai Investment Park Second,DAMAC RIVERSIDE - IVY,داماك ريفرسايد - ايفي,مجمع دبي للاستثمار الثاني,0,,,,,,,,,,
EMAAR SOUTH,Parkside 3,بارك سايد 3,إعمار للجنوب,0,Al Makhtoum International Airport,مطار آل مكتوم الدولي,,,,,,,,
EMIRATE LIVING,Emirates Living - Springs 15,روعة الإمارات ? الينابيع 15,تلال الامارات,0,Sports City Swimming Academy,أكاديمية المدينة الرياضية للسباحة,Damac Properties,عقارات داماك,Marina Mall,مارينا مول,,,,
Eyal Nasser,,,عيال ناصر,0,Dubai International Airport,مطار دبي الدولي,Palm Deira Metro Stations,محطات مترو نخلة ديرة,Dubai Mall,مول دبي,,,,
FALCON CITY OF WONDERS,WESTERN RESIDENCE - SOUTH,الإقامة الغربية - الجنوب,فالكون ستي اوف وندرز,0,IMG World Adventures,آي إم جي وورلد أدفينتشرز,,,,,,,,
GRAND VIEWS,GRAND VIEWS,جاردن فيوز,جراند فيوز,0,Downtown Dubai,وسط مدينة دبي,Business Bay Metro Station,محطة مترو الخليج التجاري,Dubai Mall,مول دبي,,,,
Ghadeer Al tair,Mohammed Bin Rashid Al Maktoum City District One West - Phase 1,مدينة محمد بن راشد آل مكتوم الحي الأول غرب - المرحلة الأولى,غدير الطير,0,Downtown Dubai,وسط مدينة دبي,Business Bay Metro Station,محطة مترو الخليج التجاري,Dubai Mall,مول دبي,,,,
Grayteesah,,,قريطيسه,0,,,,,,,,,,
HORIZON,The Waterway by Prestige One,ذا ووتر واي باي بريستسج وان,هاريوزن,0,Downtown Dubai,وسط مدينة دبي,Creek Metro Station,محطة مترو الخور,Dubai Mall,مول دبي,,,,
Hadaeq Sheikh Mohammed Bin Rashid,Club Drive,كلوب درايف,حدائق الشيخ محمد بن راشد,0,,,,,,,,,,
Hessyan First,,,حصيان الاولى,0,,,,,,,,,,
Hessyan Second,,,حصيان الثانية,0,,,,,,,,,,
Hor Al Anz,,,هور العنز,0,Dubai International Airport,مطار دبي الدولي,Abu Hail Metro Station,محطة مترو أبو هيل,City Centre Mirdif,سيتي سنتر مردف,,,,
Hor Al Anz East,,,هور العنز شرق,0,Dubai International Airport,مطار دبي الدولي,Al Qiyadah Metro Station,محطة مترو القيادة,City Centre Mirdif,سيتي سنتر مردف,,,,
IBN BATTUTA ,,,ابن بطوطة,0,Expo 2020 Site,موقع إكسبو 2020,Ibn Battuta Metro Station,محطة مترو ابن بطوطة,Ibn-e-Battuta Mall,ابن بطوطة مول,,,,
INTERNATIONAL CITY PH 1,INTERNATIONAL CITY EMARATI,المدينة العالمية الإماراتية,المدينة العالمية المرحلة الاولى,0,Dubai International Airport,مطار دبي الدولي,Rashidiya Metro Station,محطة مترو الراشدية,City Centre Mirdif,سيتي سنتر مردف,,,,
INTERNATIONAL CITY PH 2 & 3,SUNCITY HOMES,صن سيتي هومز,المدينة العالمية المرحلة الثانية والثالثة,0,,,Rashidiya Metro Station,محطة مترو الراشدية,City Centre Mirdif,سيتي سنتر مردف,,,,
Island 2,Villa Amalfi,فيلا أمالفي,جزيرة 2,0,Burj Khalifa,برج خليفة,Business Bay Metro Station,محطة مترو الخليج التجاري,Dubai Mall,مول دبي,,,,
JABEL ALI HILLS,,,جبل علي هيلز,0,Dubai Parks and Resorts,دبي باركس اند ريزورتس,,,,,,,,
JADDAF WATERFRONT,Boutique Xll,بوتيك Xll,جداف واتر فرونت,0,Dubai International Airport,مطار دبي الدولي,Al Jadaf Metro Station,محطة مترو الجداف,Dubai Mall,مول دبي,,,,
JUMEIRA BAY,BV RESIDENCES,بي في ريزيدنسس,جميرا باي,0,Burj Khalifa,برج خليفة,Business Bay Metro Station,محطة مترو الخليج التجاري,Dubai Mall,مول دبي,,,,
JUMEIRAH BEACH RESIDENCE,Jumeirah Gate,جميرا غيت,جميرا بيتش رزيدنيس,0,Burj Al Arab,برج العرب,Jumeirah Beach Resdency,مساكن شاطئ الجميرا,Marina Mall,مارينا مول,,,,
JUMEIRAH GOLF,JASMINE LANE,جاسمين لين,جميرا غولف,0,Sports City Swimming Academy,أكاديمية المدينة الرياضية للسباحة,Damac Properties,عقارات داماك,Ibn-e-Battuta Mall,ابن بطوطة مول,,,,
JUMEIRAH HEIGHTS,JUMEIRAH HEIGHTS CLUSTERS,جميرا هايتس كلسترس,جميرا هايتس,0,Sports City Swimming Academy,أكاديمية المدينة الرياضية للسباحة,Jumeirah Lakes Towers,أبراج بحيرات جميرا,Marina Mall,مارينا مول,,,,
JUMEIRAH ISLANDS,TOWNHOUSES AT JUMEIRAH ISLANDS,تاون هاوسز في جزر الجميرا,جزر جميرا,0,Sports City Swimming Academy,أكاديمية المدينة الرياضية للسباحة,Marina Mall Metro Station,محطة مترو مارينا مول,Marina Mall,مارينا مول,,,,
JUMEIRAH LAKES TOWERS,Verde by Sobha,فيردي باي شوبا,ابراج بحيرات جميرا,0,Sports City Swimming Academy,أكاديمية المدينة الرياضية للسباحة,Marina Mall Metro Station,محطة مترو مارينا مول,Marina Mall,مارينا مول,,,,
JUMEIRAH LIVING,Asayel at Madinat Jumeirah Living,أصايل - مدينة جميرا ليفينج,جميرا ليفنغ,0,Burj Al Arab,برج العرب,First Abu Dhabi Bank Metro Station,محطة مترو بنك أبوظبي الأول,Mall of the Emirates,مول الإمارات,,,,
JUMEIRAH PARK,JUMEIRAH PARK PACKAGE 1A,جميرا بارك 1A,جميرا بارك,0,Sports City Swimming Academy,أكاديمية المدينة الرياضية للسباحة,Harbour Tower,برج هاربور,Ibn-e-Battuta Mall,ابن بطوطة مول,,,,
JUMEIRAH VILLAGE CIRCLE,THE VYBE,ذا فايب,جميرا فييلج سركل,0,Sports City Swimming Academy,أكاديمية المدينة الرياضية للسباحة,Dubai Internet City,مدينة دبي للإنترنت,Mall of the Emirates,مول الإمارات,Elysee Heights,اليسي هايتس,,
JUMEIRAH VILLAGE TRIANGLE,555 PARK VIEWS,555 بارك فيوز,جميرا فيليج ترايجنل,0,Sports City Swimming Academy,أكاديمية المدينة الرياضية للسباحة,Harbour Tower,برج هاربور,Ibn-e-Battuta Mall,ابن بطوطة مول,JANNAT,جنات ,,
Jabal Ali,,,جبل على,0,,,,,,,,,,
Jabal Ali First,California by SD ,SD كاليفورنيا بواسطة ,جبل علي الأولى,0,Expo 2020 Site,موقع إكسبو 2020,ENERGY Metro Station,محطة مترو الطاقة,Ibn-e-Battuta Mall,ابن بطوطة مول,,,,
Jabal Ali Industrial First,,,جبل على الصناعية الأولى,0,Expo 2020 Site,موقع إكسبو 2020,DANUBE Metro Station,محطة مترو الدانوب,Ibn-e-Battuta Mall,ابن بطوطة مول,,,,
Jumeirah First,Port De La Mer - Le Ciel,بورت دي لامير- لوسييل,جميرا الاولى,0,Burj Khalifa,برج خليفة,Trade Centre Metro Station,محطة مترو المركز التجاري,Dubai Mall,مول دبي,,,,
Jumeirah Second,THE RINGS,الخواتم,جميرا الثانيه,0,Burj Khalifa,برج خليفة,Business Bay Metro Station,محطة مترو الخليج التجاري,Dubai Mall,مول دبي,,,,
Jumeirah Third,,,جميرا الثالثه,0,Burj Khalifa,برج خليفة,Noor Bank Metro Station,محطة مترو نور بنك,Dubai Mall,مول دبي,,,,
LA MER,Port De La Mer - La Sirene,بورت دي لامير- لاسيرين ,لا مير,0,Burj Khalifa,برج خليفة,Trade Centre Metro Station,محطة مترو المركز التجاري,Dubai Mall,مول دبي,,,,
LIVING LEGENDS,MAYA townhouses,مايا تاون هاوس,الاساطير,0,IMG World Adventures,آي إم جي وورلد أدفينتشرز,First Abu Dhabi Bank Metro Station,محطة مترو بنك أبوظبي الأول,,,,,,
LIWAN,Symbolic Alpha,سيمبوليك ألفا,ليوان,0,IMG World Adventures,آي إم جي وورلد أدفينتشرز,,,,,,,,
LIWAN 2,Amana Gardens,امانة حدائق,ليوان 2,0,IMG World Adventures,آي إم جي وورلد أدفينتشرز,,,,,,,,
Lehbab First,,,لهباب الاولى,0,,,,,,,,,,
Lehbab Second,,,لهباب الثانية,0,,,,,,,,,,
MAJAN,Samana Barari Views, سمانا براري فيوز,ماجان,0,IMG World Adventures,آي إم جي وورلد أدفينتشرز,,,,,,,,
MARSA AL ARAB,Jumeirah Living Marsa Al Arab,Jumeirah Living Marsa Al Arab,مرسى العرب,0,Burj Al Arab,برج العرب,First Abu Dhabi Bank Metro Station,محطة مترو بنك أبوظبي الأول,Mall of the Emirates,مول الإمارات,,,,
MBR DISTRICT 1,"Mohammed Bin Rashid Al Maktoum City , District One Phase III  , Residences 13",مدينة  محمد بن راشد ال مكتوم- ديستركت ون ، المرحلة الثالثة ، ريسيدنز 13,مدينة محمد بن راشد الحي 1,0,Downtown Dubai,وسط مدينة دبي,Business Bay Metro Station,محطة مترو الخليج التجاري,Dubai Mall,مول دبي,,,,
MBR DISTRICT 7,MAG EYE Phase 1,ماج آي المرحلة 1,مدينة محمد بن راشد الحي 7,0,Downtown Dubai,وسط مدينة دبي,Business Bay Metro Station,محطة مترو الخليج التجاري,Dubai Mall,مول دبي,,,,
MEDYAN RACE COURSE VILLAS,,,فلل ميدان ريس كورس ,0,Downtown Dubai,وسط مدينة دبي,Business Bay Metro Station,محطة مترو الخليج التجاري,Dubai Mall,مول دبي,,,,
MEYDAN AVENUE,Azizi Park Avenue ,عزيزي بارك أفينيو,ميدان افينيو,0,Downtown Dubai,وسط مدينة دبي,Business Bay Metro Station,محطة مترو الخليج التجاري,Dubai Mall,مول دبي,,,,
MEYDAN ONE,Azizi Riviera 23,عزيزي ريفيرا 23,ميدان وان,0,Downtown Dubai,وسط مدينة دبي,Buj Khalifa Dubai Mall Metro Station,محطة مترو بوج خليفة دبي مول,Dubai Mall,مول دبي," Mohammed Bin Rashid Al Maktoum City , District One Phase III  , Residences 22",مدينة محمد بن راشد آل مكتوم الحي الأول ، المرحلة الثالثة ، ريسيدنز 22,,
MILLENNIUM,MILLENNIUM ESTATES,عقارات الألفية,ميلينيوم,0,Downtown Dubai,وسط مدينة دبي,Business Bay Metro Station,محطة مترو الخليج التجاري,Dubai Mall,مول دبي,,,,
MINA RASHID,Seagate,سي جيت,ميناء راشد,0,Burj Khalifa,برج خليفة,Al Ghubaiba Metro Station,محطة مترو الغبيبة,Dubai Mall,مول دبي,,,,
MIRA,REEM - MIRA OASIS COMMUNITY,ريم - ميرا أوسيس كوميونتي,ميرا,0,Dubai Cycling Course,دورة دبي للدراجات,,,,,,,,
MOTOR CITY,The Community Motor City ,كوميونيتي موتور سيتي,موتور ستي,0,Motor City,موتور سيتي,Dubai Internet City,مدينة دبي للإنترنت,Mall of the Emirates,مول الإمارات,,,,
MUDON,MUDON,مدن,مدن,0,Dubai Cycling Course,دورة دبي للدراجات,,,,,,,,
Madinat Al Mataar,AZIZI VENICE 8,عزيزى فينيس 8,مدينة المطار,0,,,,,,,,,,
Madinat Dubai Almelaheyah,Clearpoint,كليربوينت,مدينة دبي الملاحية,0,,,,,,,,,,
Madinat Hind 3,,,مدينة هند 3,0,,,,,,,,,,
Madinat Hind 4,DAMAC HILLS (2) - CAMELIA,داماك هيلز (2) - كاميليا,مدينة هند 4,0,,,,,,,,,,
Madinat Latifa,,,مدينة لطيفة,0,,,,,,,,,,
Mankhool,,,منخول,0,Burj Khalifa,برج خليفة,ADCB Metro Station,محطة مترو بنك أبوظبي التجاري,Dubai Mall,مول دبي,,,,
Marsa Dubai,DAMAC BAY 2,داماك باي 2,مرسى دبي,0,Burj Al Arab,برج العرب,Jumeirah Beach Resdency,مساكن شاطئ الجميرا,Marina Mall,مارينا مول,,,,
Me'Aisem First,Jumeirah Luxury,جميرا لاكشري,معيصم الأول,0,,,,,,,,,,
Me'Aisem Second,The Oasis - Palmiera,ذا اويسيس - بالمييرا,معيصم الثانية,0,,,,,,,,,,
Mena Jabal Ali,,,ميناء جبل علي,0,Jabel Ali,جبل علي,UAE Exchange Metro Station,محطة مترو الإمارات العربية المتحدة للصرافة,,,,,,
Mirdif,MIRDIF TULIP,مرف توليب,مردف,0,Dubai International Airport,مطار دبي الدولي,Rashidiya Metro Station,محطة مترو الراشدية,City Centre Mirdif,سيتي سنتر مردف,,,,
Mugatrah,,,مقطرة,0,,,,,,,,,,
Muhaisanah First,,,محيصنه الاولى,0,Dubai International Airport,مطار دبي الدولي,Rashidiya Metro Station,محطة مترو الراشدية,City Centre Mirdif,سيتي سنتر مردف,,,,
Muhaisanah Fourth,,,محيصنه الرابعه,0,Dubai International Airport,مطار دبي الدولي,Al Qusais Metro Station,محطة مترو القصيص,City Centre Mirdif,سيتي سنتر مردف,,,,
Muhaisanah Second,,,محيصنه الثانيه,0,Dubai International Airport,مطار دبي الدولي,Etisalat Metro Station,محطة مترو اتصالات,City Centre Mirdif,سيتي سنتر مردف,,,,
Muhaisanah Third,,,محيصنه الثالثه,0,Dubai International Airport,مطار دبي الدولي,Al Qusais Metro Station,محطة مترو القصيص,City Centre Mirdif,سيتي سنتر مردف,,,,
Muragab,,,مرقب,0,,,,,,,,,,
Mushrif,,,مشرف,0,Dubai International Airport,مطار دبي الدولي,Etisalat Metro Station,محطة مترو اتصالات,City Centre Mirdif,سيتي سنتر مردف,,,,
NAD AL SHEBA GARDENS,MAG 22,ماج 22,ند الشبا جاردن,0,IMG World Adventures,آي إم جي وورلد أدفينتشرز,Business Bay Metro Station,محطة مترو الخليج التجاري,Dubai Mall,مول دبي,,,,
Nad Al Hamar,,,ند الحمر,0,Dubai International Airport,مطار دبي الدولي,Rashidiya Metro Station,محطة مترو الراشدية,City Centre Mirdif,سيتي سنتر مردف,,,,
Nad Al Shiba First,MAG 22,ماج 22,ند الشبا الاولى,0,Downtown Dubai,وسط مدينة دبي,Business Bay Metro Station,محطة مترو الخليج التجاري,Dubai Mall,مول دبي,,,,
Nad Al Shiba Fourth,,,ند الشبا الرابعه,0,IMG World Adventures,آي إم جي وورلد أدفينتشرز,Creek Metro Station,محطة مترو الخور,City Centre Mirdif,سيتي سنتر مردف,,,,
Nad Al Shiba Second,,,ند الشبا الثانيه,0,Downtown Dubai,وسط مدينة دبي,Creek Metro Station,محطة مترو الخور,City Centre Mirdif,سيتي سنتر مردف,,,,
Nad Al Shiba Third,,,ند الشبا الثالثه,0,IMG World Adventures,آي إم جي وورلد أدفينتشرز,Creek Metro Station,محطة مترو الخور,City Centre Mirdif,سيتي سنتر مردف,,,,
Nad Shamma,,,ند شما,0,Dubai International Airport,مطار دبي الدولي,Rashidiya Metro Station,محطة مترو الراشدية,City Centre Mirdif,سيتي سنتر مردف,,,,
Nadd Hessa,,,ند حصة,0,,,,,,,,,,
Naif,,,نايف,0,Dubai International Airport,مطار دبي الدولي,Salah Al Din Metro Station,محطة مترو صلاح الدين,Dubai Mall,مول دبي,,,,
Nazwah,,,نزوه,0,,,,,,,,,,
Oud Al Muteena First,,,عود المطينة الأولى,0,Dubai International Airport,مطار دبي الدولي,Etisalat Metro Station,محطة مترو اتصالات,City Centre Mirdif,سيتي سنتر مردف,,,,
Oud Metha,,,عود ميثا,0,Dubai International Airport,مطار دبي الدولي,Oud Metha Metro Station,محطة مترو عود ميثاء,Dubai Mall,مول دبي,,,,
PALM DEIRA,BEACH WALK RESIDENCES 3 BY IMTIAZ,بيتش ووك ريزيدنسز3 من امتياز,نخلة ديرة,0,Dubai International Airport,مطار دبي الدولي,Palm Deira Metro Stations,محطات مترو نخلة ديرة,Dubai Mall,مول دبي,,,,
PALM JABAL ALI,,,نخلة جبل علي,0,Jabel Ali,جبل علي,,,,,,,,
PALM JUMEIRAH,OCEAN HOUSE,أوشن هاوس,نخلة جميرا,0,Burj Al Arab,برج العرب,Al Sufouh,الصفوح,Mall of the Emirates,مول الإمارات,Palace Beach Residence,بالاس بيتش ريزيدنس,,
PALMAROSA,PALMAROSA ,بالماروسا,بالما روزا,0,Motor City,موتور سيتي,,,,,,,,
PEARL JUMEIRA,NB RESIDENCES,ان بي ريزيدنسس,لؤلؤوة جميرا,0,Burj Khalifa,برج خليفة,Trade Centre Metro Station,محطة مترو المركز التجاري,Dubai Mall,مول دبي,,,,
POLO TOWNHOUSES IGO,THE POLO TOWN HOUSES,ذا بولو تاون هاوسز,بولو تاون هاوسس,0,Downtown Dubai,وسط مدينة دبي,Business Bay Metro Station,محطة مترو الخليج التجاري,Dubai Mall,مول دبي,,,,
Palm Deira,Beach Residences Dubai Islands,بيتش ريزيدنسز جزر دبي,نخلة ديرة,0,,,,,,,,,,
Palm Jabal Ali,Palm Jebel Ali - Frond N,N نخلة جبل علي - السعفة,نخلة جبل علي,0,,,,,,,,,,
Palm Jumeirah,ORLA Infinity by OMNIYAT, أورلا إنفِنِتي من أمنيات,نخلة جميرا,0,,,,,,,,,,
Port Saeed,,,بور سعيد,0,Dubai International Airport,مطار دبي الدولي,Deira City Centre,ديرة سيتي سنتر,Dubai Mall,مول دبي,,,,
REMRAAM,Remraam - Al Ramth,رمرام - الرمث,رمرام,0,Motor City,موتور سيتي,,,,,,,,
RUKAN,Rukan 3,روكان 3,ركان,0,,,,,,,,,,
Ras Al Khor Industrial First,SOBHA ONE, شوبا ون	,راس الخور الصناعيه الاولى,0,Downtown Dubai,وسط مدينة دبي,Creek Metro Station,محطة مترو الخور,Dubai Mall,مول دبي,,,,
Ras Al Khor Industrial Second,,,راس الخور الصناعيه الثانيه,0,Downtown Dubai,وسط مدينة دبي,Creek Metro Station,محطة مترو الخور,Dubai Mall,مول دبي,,,,
Ras Al Khor Industrial Third,,,راس الخور الصناعيه الثالثه,0,Dubai International Airport,مطار دبي الدولي,Rashidiya Metro Station,محطة مترو الراشدية,City Centre Mirdif,سيتي سنتر مردف,,,,
Rega Al Buteen,,,رقه البطين,0,Dubai International Airport,مطار دبي الدولي,Al Rigga Metro Station,محطة مترو الرقة,Dubai Mall,مول دبي,,,,
SAMA AL JADAF,,,سما الجداف,0,Dubai International Airport,مطار دبي الدولي,Al Jadaf Metro Station,محطة مترو الجداف,Dubai Mall,مول دبي,,,,
SERENA,Serena - Casa Viva ,سيرينا - كاسا فيفا,سيرينا,0,Hamdan Sports Complex,مجمع حمدان الرياضي,,,,,,,,
SILICON OASIS,TRIA BY DEYAAR,تريا من ديار,واحة سيليكون,0,IMG World Adventures,آي إم جي وورلد أدفينتشرز,,,City Centre Mirdif,سيتي سنتر مردف,,,,
SOBHA HEARTLAND,Sobha Hartland - The Crest,شوبا هارتلاند - ذا كرست,سوبها هارتلاند,0,Downtown Dubai,وسط مدينة دبي,Buj Khalifa Dubai Mall Metro Station,محطة مترو بوج خليفة دبي مول,Dubai Mall,مول دبي,,,,
SUFOUH GARDENS,Biltmore Sufouh,بلتمور صفوح,الصفوح جاردن,0,Burj Al Arab,برج العرب,Dubai Internet City,مدينة دبي للإنترنت,Mall of the Emirates,مول الإمارات,,,,
SUSTAINABLE CITY,THE SUSTAINABLE CITY,المدينة المستدامة,المدينة المستدامة,0,Dubai Cycling Course,دورة دبي للدراجات,,,,,,,,
Saih Aldahal,,,سيح الدحل,0,,,,,,,,,,
Saih Shuaib 1,,,سيح شعيب 1,0,,,,,,,,,,
Saih Shuaib 2,,,سيح شعيب 2,0,Dubai Parks and Resorts,دبي باركس اند ريزورتس,,,,,,,,
Saih Shuaib 4,,,سيح شعيب 4,0,,,,,,,,,,
TECOM SITE A,DAMAC CASA,داماك كازا,تيكوم سيت ايه,0,Burj Al Arab,برج العرب,Palm Jumeirah,نخلة جميرا,Marina Mall,مارينا مول,,,,
THE FIELD,THE FIELDS AT D11 - MBRMC,الحقول في D11 - إم بي أر إم سي ,ذا فيلد,0,IMG World Adventures,آي إم جي وورلد أدفينتشرز,,,,,,,,
THE GREENS,THE ONYX,أونيكس,الروضة,0,Burj Al Arab,برج العرب,Dubai Internet City,مدينة دبي للإنترنت,Marina Mall,مارينا مول,,,,
THE LAKES,The Hills,التلال,البحيرات,0,Burj Al Arab,برج العرب,Damac Properties,عقارات داماك,Marina Mall,مارينا مول,,,,
THE VALLEY,The Valley-Nara,ذا فالي - نارا,ذا فالي,0,,,,,,,,,,
THE VILLA,THE VILLA,الفيلا,ذا فيلا,0,IMG World Adventures,آي إم جي وورلد أدفينتشرز,,,,,,,,
THE WORLD,ZAYA ZUHA ISLAND, جزيرة زايا زوها,جزر العالم,0,Burj Khalifa,برج خليفة,Business Bay Metro Station,محطة مترو الخليج التجاري,Mall of the Emirates,مول الإمارات,,,,
TILAL AL GHAF,Elan,إيلان,تلال الغاف,0,Sports City Swimming Academy,أكاديمية المدينة الرياضية للسباحة,Dubai Internet City,مدينة دبي للإنترنت,,,,,,
TOWN SQUARE,Symphony,سيمفوني ,تاون سكوير,0,Dubai Cycling Course,دورة دبي للدراجات,,,,,,,,
Trade Center First,LATIFA TOWER,لطيفة تاور,المركز التجارى الاولى,0,Burj Khalifa,برج خليفة,Emirates Towers Metro Station,محطة مترو أبراج الإمارات,Dubai Mall,مول دبي,,,,
Trade Center Second,,,المركز التجارى الثانيه,0,Burj Khalifa,برج خليفة,Trade Centre Metro Station,محطة مترو المركز التجاري,Dubai Mall,مول دبي,,,,
Um Al Sheif,,,ام الشيف,0,Burj Al Arab,برج العرب,First Abu Dhabi Bank Metro Station,محطة مترو بنك أبوظبي الأول,Mall of the Emirates,مول الإمارات,,,,
Um Hurair First,,,ام هرير الاولى,0,Dubai International Airport,مطار دبي الدولي,Burjuman Metro Station,محطة مترو برجمان,Dubai Mall,مول دبي,,,,
Um Ramool,,,ام رمول,0,Dubai International Airport,مطار دبي الدولي,Emirates Metro Station,محطة مترو الامارات,City Centre Mirdif,سيتي سنتر مردف,,,,
Um Suqaim First,,,ام سقيم الاولى,0,Burj Al Arab,برج العرب,Noor Bank Metro Station,محطة مترو نور بنك,Mall of the Emirates,مول الإمارات,,,,
Um Suqaim Second,,,ام سقيم الثانيه,0,Burj Al Arab,برج العرب,Noor Bank Metro Station,محطة مترو نور بنك,Mall of the Emirates,مول الإمارات,,,,
Um Suqaim Third,ELARA,إلارا,ام سقيم الثالثه,0,Burj Al Arab,برج العرب,First Abu Dhabi Bank Metro Station,محطة مترو بنك أبوظبي الأول,Mall of the Emirates,مول الإمارات,,,,
VILLANOVA,La Rosa 6 ,لاروزا 6 ,فيلانوفا,0,IMG World Adventures,آي إم جي وورلد أدفينتشرز,,,,,,,,
Wadi Al Amardi,,,وادي العمردي,0,,,Rashidiya Metro Station,محطة مترو الراشدية,City Centre Mirdif,سيتي سنتر مردف,,,,
Wadi Al Safa 2,ALBERO BY ORO24,ألبيرو من أورو24,وادي الصفا 2,0,IMG World Adventures,آي إم جي وورلد أدفينتشرز,,,,,,,,
Wadi Al Safa 3,ALBARARI IXORA VILLAS,البراري أكسورا فيلاز,وادي الصفا 3,0,IMG World Adventures,آي إم جي وورلد أدفينتشرز,Creek Metro Station,محطة مترو الخور,,,,,,
Wadi Al Safa 4,California Village,كاليفورنيا فيليج,وادي الصفا 4,0,,,,,,,,,,
Wadi Al Safa 5,Arabian Ranches lll - June,المرابع العربية ااا - جون ,وادي الصفا 5,0,IMG World Adventures,آي إم جي وورلد أدفينتشرز,,,,,,,,
Wadi Al Safa 7,Rukan 3,روكان 3,وادي الصفا 7,0,Hamdan Sports Complex,مجمع حمدان الرياضي,,,,,,,,
Warsan First,Olivz Residence,اوليفز رزيدنس,ورسان الاولى,0,Dubai International Airport,مطار دبي الدولي,Rashidiya Metro Station,محطة مترو الراشدية,City Centre Mirdif,سيتي سنتر مردف,,,,
Warsan Fourth,,,ورسان الرابعة,0,,,,,,,,,,
Zaabeel First,One Za'abeel,ون زعبيل ,زعبيل الاولى,0,Burj Khalifa,برج خليفة,Al Jafiliya Metro Station,محطة مترو الجافلية,Dubai Mall,مول دبي,,,,
Zaabeel Second,Downtown Views II,II داون تاون فيوز,زعبيل الثانيه,0,Burj Khalifa,برج خليفة,Financial Centre,المركز المالي,Dubai Mall,مول دبي,,,,
